{"beer":{"savory":{"mean":0.38120000000000004,"stdev":0.2982122733892755},"spice":{"mean":0.22959999999999994,"stdev":0.19094459929518823},"sweet":{"mean":0.4476,"stdev":0.3064934583314952}},"chile":{"savory":{"mean":0.5357142857142857,"stdev":0.2886598167322885},"spice":{"mean":0.5357142857142857,"stdev":0.2886598167322886},"sweet":{"mean":0.5357142857142857,"stdev":0.2886598167322885}},"food":{"savory":{"mean":0.7391999999999999,"stdev":0.26328570033330745},"spice":{"mean":0.6107999999999998,"stdev":0.2846038650475434},"sweet":{"mean":0.2891999999999999,"stdev":0.30737495018299715}}}